Brand,Model,Mileage,State,Year
Tesla,Model 3,13797,CA ,2023
GMC,Yukon,4504,MA ,2023
FREIGHTLINER,Cascadia,,SC ,2023
BMW,745e xDrive,,MA ,2023
BMW,X5 M50i,,AZ ,2023
Subaru,Crosstrek,27000,IN ,2023
Hyundai,IONIQ 5,,NJ ,2023
Tesla,Model X,15430,NY ,2023
Tesla,Model Y,9370,FL ,2023
Tesla,Model Y,42872,CA ,2023
Tesla,Model X,14489,IL ,2023
Tesla,Model 3,8435,GA ,2023
Tesla,Model Y,6733,FL ,2023
Tesla,Model Y,528,CA ,2023
Subaru,Forester,51069,MO ,2023
Toyota,Camry,13811,PR ,2023
Tesla,Model 3,16776,WA ,2023
Tesla,Model Y,38986,UT ,2023
Tesla,Model Y,15303,FL ,2023
Tesla,Model 3,10285,SC ,2023
Tesla,Model 3,46078,PA ,2023
Tesla,Model Y,23208,CA ,2023
Tesla,Model 3,39848,CA ,2023
Tesla,Model Y,10017,IL ,2023
Tesla,Model Y,10416,MA ,2023
Tesla,Model Y,13741,MA ,2023
Tesla,Model 3,16776,WA ,2023
Subaru,Crosstrek,27000,IN ,2023
GMC,Yukon,4504,MA ,2023
Tesla,Model Y,15303,FL ,2023
Tesla,Model Y,38986,UT ,2023
Toyota,Corolla Hyrbid,162,VA ,2023
Subaru,Outback,35307,WV ,2023
Tesla,Model Y,590,CA ,2023
Tesla,Model X,69279,CA ,2023
Tesla,Model 3,45178,CA ,2023
Tesla,Model Y,23928,MD ,2023
Tesla,Model Y,1122,IL ,2023
Tesla,Model Y,23855,CA ,2023
Tesla,Model 3,10285,SC ,2023
Subaru,Forester,51069,MO ,2023
Toyota,Camry,13811,PR ,2023
Tesla,Model 3,46078,PA ,2023
Tesla,Model Y,23208,CA ,2023
Tesla,Model 3,39848,CA ,2023
Tesla,Model Y,10017,IL ,2023
Tesla,Model Y,590,CA ,2023
Tesla,Model X,69279,CA ,2023
Tesla,Model 3,45178,CA ,2023
Tesla,Model 3,3301,CA ,2023
Tesla,Model 3,25917,CA ,2023
Tesla,Model X,53319,CT ,2023
Tesla,Model Y,24026,CA ,2023
Tesla,Model 3,14081,CA ,2023
Tesla,Model 3,25806,TX ,2023
Tesla,Model Y,23928,MD ,2023
Tesla,Model Y,10416,MA ,2023
Tesla,Model Y,1122,IL ,2023
Tesla,Model Y,13741,MA ,2023
Tesla,Model Y,23855,CA ,2023
Tesla,Model Y,29627,GA ,2023
Tesla,Model Y,14445,PA ,2023
Tesla,Model Y,,NC ,2023
Tesla,Model Y,22846,CA ,2023
Toyota,Corolla Hyrbid,162,VA ,2023
BMW,X5 M50i,,AZ ,2023
Tesla,Model 3,3301,CA ,2023
Subaru,Outback,35307,WV ,2023
Tesla,Model 3,47739,AZ ,2023
Tesla,Model Y,25881,CO ,2023
Tesla,Model 3,30476,CA ,2023
Tesla,Model Y,25683,CA ,2023
Tesla,Model S,12149,CA ,2023
Tesla,Model Y,4476,WA ,2023
Tesla,Model Y,8672,NJ ,2023
Tesla,Model 3,108069,AZ ,2023
Tesla,Model Y,22368,WA ,2023
Tesla,Model 3,20972,CA ,2023
Tesla,Model 3,89293,WA ,2023
Tesla,Model Y,26521,CA ,2023
Tesla,Model 3,54813,TX ,2023
Tesla,Model 3,3999,FL ,2023
Tesla,Model Y,43543,GA ,2023
Tesla,Model 3,27691,CA ,2023
Tesla,Model Y,66851,CA ,2023
Tesla,Model 3,25917,CA ,2023
Tesla,Model X,53319,CT ,2023
Tesla,Model 3,41411,CO ,2023
Tesla,Model 3,38190,TX ,2023
Tesla,Model Y,30558,CA ,2023
Tesla,Model Y,24026,CA ,2023
Tesla,Model 3,14081,CA ,2023
Tesla,Model 3,25806,TX ,2023
Tesla,Model Y,29627,GA ,2023
Tesla,Model Y,14445,PA ,2023
Subaru,Outback,31637,NC ,2023
Tesla,Model Y,,NC ,2023
Tesla,Model Y,22846,CA ,2023
Tesla,Model Y,25881,CO ,2023
Tesla,Model 3,47739,AZ ,2023
KIA,SORENTO,27000,CT ,2023
BMW,X5 M50i,,UNK,2023
FREIGHTLINER,Cascadia,,SC ,2023
Tesla,Model 3,30476,CA ,2023
Subaru,Outback,27013,NC ,2023
Subaru,Crosstrek,19136,TX ,2023
BMW,745e xDrive,,UNK,2023
Tesla,Model Y,4476,WA ,2023
Tesla,Model Y,8672,NJ ,2023
Tesla,Model Y,25683,CA ,2023
Tesla,Model S,12149,CA ,2023
Tesla,Model Y,18870,OH ,2023
Tesla,Model 3,51629,MI ,2023
Tesla,Model Y,32480,CA ,2023
Tesla,Model Y,4526,CA ,2023
Tesla,Model S,99804,CA ,2023
Tesla,Model Y,22999,CA ,2023
Tesla,Model 3,31195,CA ,2023
Tesla,Model Y,11360,NC ,2023
Tesla,Model 3,48231,MD ,2023
Tesla,Model 3,5314,TX ,2023
Tesla,Model 3,108069,AZ ,2023
Tesla,Model Y,22368,WA ,2023
Tesla,Model 3,20972,CA ,2023
Tesla,Model 3,89293,WA ,2023
Tesla,Model Y,26521,CA ,2023
Tesla,Model 3,54813,TX ,2023
Tesla,Model 3,3999,FL ,2023
Tesla,Model Y,43543,GA ,2023
Tesla,Model 3,27691,CA ,2023
Tesla,Model Y,66851,CA ,2023
Tesla,Model 3,25482,CA ,2023
Tesla,Model Y,10956,FL ,2023
Subaru,Outback,27013,NC ,2023
Tesla,Model 3,41411,CO ,2023
Tesla,Model 3,38190,TX ,2023
Tesla,Model Y,30558,CA ,2023
Tesla,Model Y,18870,OH ,2023
BMW,745e xDrive,,UNK,2023
Tesla,Model 3,25459,NJ ,2023
Subaru,Outback,31637,NC ,2023
Tesla,Model Y,,VA ,2023
Tesla,Model Y,13135,CA ,2023
Tesla,Model 3,9852,CA ,2023
Tesla,Model 3,8398,FL ,2023
Tesla,Model S,32591,CA ,2023
Tesla,Model Y,42979,CT ,2023
Tesla,Model 3,73653,CA ,2023
Tesla,Model Y,40510,CA ,2023
Tesla,Model 3,21369,CA ,2023
Tesla,Model 3,51629,MI ,2023
Tesla,Model Y,32480,CA ,2023
Tesla,Model Y,4526,CA ,2023
Tesla,Model S,99804,CA ,2023
Tesla,Model Y,22999,CA ,2023
Tesla,Model 3,31195,CA ,2023
KIA,SORENTO,27000,CT ,2023
Mercedes-Benz,S580,11638,OK ,2023
Tesla,Model Y,11360,NC ,2023
Tesla,Model 3,48231,MD ,2023
Tesla,Model 3,5314,TX ,2023
Tesla,Model 3,25482,CA ,2023
Tesla,Model Y,10956,FL ,2023
Tesla,Model S,,CA ,2023
Tesla,Model Y,13135,CA ,2023
Tesla,Model 3,9852,CA ,2023
Tesla,Model Y,119641,CA ,2023
Tesla,Model 3,22601,CA ,2023
Tesla,Model Y,31861,AR ,2023
Tesla,Model 3,94868,CA ,2023
Tesla,Model Y,3746,CA ,2023
Tesla,Model Y,5018,CO ,2023
Tesla,Model Y,27585,TX ,2023
Tesla,Model X,74471,WA ,2023
Tesla,Model 3,770,TX ,2023
Subaru,Outback,27013,NC ,2023
BMW,745e xDrive,,UNK,2023
Tesla,Model 3,8398,FL ,2023
Tesla,Model Y,,UNK,2023
Tesla,Model S,32591,CA ,2023
Tesla,Model Y,42979,CT ,2023
Tesla,Model 3,73653,CA ,2023
Tesla,Model Y,40510,CA ,2023
Tesla,Model 3,25459,NJ ,2023
Tesla,Model 3,21369,CA ,2023
KIA,SORENTO,27000,CT ,2023
Mercedes-Benz,S580,11638,OK ,2023
Chevrolet,Bolt EUV,10102,CA ,2023
FREIGHTLINER,Cascadia,,SC ,2023
Tesla,Model Y,119641,CA ,2023
Tesla,Model Y,31861,AR ,2023
Tesla,Model 3,22601,CA ,2023
Tesla,Model 3,94868,CA ,2023
Tesla,Model S,,CA ,2023
Tesla,Model Y,3746,CA ,2023
Tesla,Model Y,5018,CO ,2023
Tesla,Model Y,27585,TX ,2023
Tesla,Model X,74471,WA ,2023
Tesla,Model 3,770,TX ,2023
Tesla,Model 3,6606,CA ,2023
Tesla,Model Y,18992,IL ,2023
Tesla,Model Y,28751,MD ,2023
Tesla,Model X,18858,MD ,2023
Chevrolet,Bolt EUV,10102,CA ,2023
Kia,EV6,10193,CA ,2023
FREIGHTLINER,Cascadia,,SC ,2023
BMW,X5,5135,CA ,2023
Subaru,Crosstrek,19136,TX ,2023
Subaru,Outback,58213,IA ,2023
Tesla,Model 3,18808,CA ,2023
Tesla,Model X,70908,MN ,2023
Tesla,Model 3,38553,AZ ,2023
Tesla,Model 3,81340,FL ,2023
Tesla,Model Y,1673,IL ,2023
Tesla,Model 3,6606,CA ,2023
Tesla,Model Y,18992,IL ,2023
Tesla,Model Y,28751,MD ,2023
Tesla,Model 3,18808,CA ,2023
Tesla,Model 3,38553,AZ ,2023
Tesla,Model X,18858,MD ,2023
Tesla,Model X,70908,MN ,2023
Tesla,Model 3,81340,FL ,2023
Tesla,Model Y,1673,IL ,2023
Tesla,Model 3,22866,CA ,2023
Tesla,Model Y,3154,VA ,2023
Tesla,Model S,7412,VA ,2023
Tesla,Model Y,14800,FL ,2023
Tesla,Model 3,1042,CA ,2023
Tesla,Model Y,2749,WA ,2023
Subaru,Crosstrek,19136,TX ,2023
Tesla,Model Y,14800,FL ,2023
Tesla,Model Y,3154,VA ,2023
Tesla,Model S,7412,VA ,2023
Tesla,Model 3,22866,CA ,2023
Tesla,Model Y,30437,AZ ,2023
Tesla,Model Y,7425,TX ,2023
Tesla,Model 3,40458,CA ,2023
Tesla,Model 3,48861,TN ,2023
Tesla,Model Y,,MD ,2023
Tesla,Model 3,11755,FL ,2023
Tesla,Model Y,47481,VA ,2023
Lexus,UX200,17749,TX ,2023
Tesla,Model 3,1042,CA ,2023
Tesla,Model Y,2749,WA ,2023
Tesla,Model Y,30437,AZ ,2023
Tesla,Model Y,9578,GA ,2023
Tesla,Model 3,42289,GA ,2023
Tesla,Model 3,,CA ,2023
Tesla,Model 3,49010,CA ,2023
Tesla,Model 3,30166,MA ,2023
Tesla,Model 3,76210,CA ,2023
Tesla,Model Y,34295,TX ,2023
Tesla,Model 3,23213,CA ,2023
Tesla,Model Y,27031,CA ,2023
Tesla,Model 3,34266,CA ,2023
Tesla,Model 3,31140,GA ,2023
Tesla,Model 3,56594,NY ,2023
Tesla,Model Y,52529,CA ,2023
BMW,X5,5135,CA ,2023
BMW,X5,5135,CA ,2023
Tesla,Model Y,7425,TX ,2023
Tesla,Model 3,40458,CA ,2023
Tesla,Model 3,48861,TN ,2023
Tesla,Model Y,,MD ,2023
Tesla,Model 3,11755,FL ,2023
Tesla,Model Y,47481,VA ,2023
Tesla,Model 3,42289,GA ,2023
Tesla,Model S,,CA ,2023
Tesla,Model 3,99580,TX ,2023
Tesla,Model 3,15107,TX ,2023
Tesla,Model Y,18377,CA ,2023
Tesla,Model Y,34420,CA ,2023
Tesla,Model Y,23400,CA ,2023
Tesla,Model X,919,PA ,2023
Lexus,UX200,17749,TX ,2023
Tesla,Model X,27012,WA ,2023
Tesla,Model 3,3113,NY ,2023
Tesla,Model 3,60811,NY ,2023
Tesla,Model 3,81185,IL ,2023
Tesla,Model Y,17207,MD ,2023
Tesla,Model 3,4490,CA ,2023
Tesla,Model 3,,CA ,2023
Tesla,Model 3,49010,CA ,2023
Tesla,Model 3,30166,MA ,2023
Tesla,Model Y,9578,GA ,2023
Tesla,Model 3,76210,CA ,2023
Kia,EV6,10193,CA ,2023
Subaru,Forester,25500,LA ,2023
Subaru,Forester,22974,CA ,2023
Subaru,Outback,58213,IA ,2023
Tesla,Model Y,34295,TX ,2023
Tesla,Model 3,23213,CA ,2023
Tesla,Model Y,27031,CA ,2023
Tesla,Model 3,34266,CA ,2023
Tesla,Model 3,31140,GA ,2023
Tesla,Model 3,56594,NY ,2023
Tesla,Model Y,52529,CA ,2023
Tesla,Model 3,66000,GA ,2023
Tesla,Model Y,31454,CA ,2023
Tesla,Model S,42243,CA ,2023
Tesla,Model X,87621,KS ,2023
Tesla,Model Y,59233,CA ,2023
Tesla,Model S,,CA ,2023
BMW,X5,,CA ,2023
Tesla,Model Y,18377,CA ,2023
Tesla,Model 3,15107,TX ,2023
Tesla,Model 3,99580,TX ,2023
Tesla,Model 3,36992,CA ,2023
Tesla,Model Y,1094,CA ,2023
Tesla,Model Y,34420,CA ,2023
Tesla,Model Y,23400,CA ,2023
Tesla,Model X,919,PA ,2023
Tesla,Model 3,37603,NJ ,2023
Tesla,Model S,8961,FL ,2023
Tesla,Model Y,21769,LA ,2023
Tesla,Model 3,15720,CA ,2023
Tesla,Model Y,23557,CA ,2023
Tesla,Model 3,26105,WI ,2023
Tesla,Model Y,25287,PA ,2023
Tesla,Model 3,59088,NM ,2023
Tesla,Model Y,25886,CA ,2023
Tesla,Model X,27012,WA ,2023
Tesla,Model 3,3113,NY ,2023
Tesla,Model 3,60811,NY ,2023
Tesla,Model 3,81185,IL ,2023
Tesla,Model Y,17207,MD ,2023
Tesla,Model 3,4490,CA ,2023
Tesla,Model 3,66000,UNK,2023
Subaru,Outback,58213,IA ,2023
Honda,CRV,,MI ,2023
Tesla,Model Y,59233,CA ,2023
Tesla,Model Y,31454,CA ,2023
Tesla,Model S,42243,CA ,2023
Tesla,Model X,87621,KS ,2023
Tesla,Model 3,37603,NJ ,2023
Tesla,Model S,8961,FL ,2023
Tesla,Model 3,36992,CA ,2023
Tesla,Model Y,1094,CA ,2023
Tesla,Model Y,21769,LA ,2023
Tesla,Model 3,15720,CA ,2023
Tesla,Model Y,23557,CA ,2023
Tesla,Model 3,26105,WI ,2023
Tesla,Model Y,25287,PA ,2022
Tesla,Model 3,5749,CA ,2022
Tesla,Model Y,36681,CA ,2022
Tesla,Model Y,27994,TX ,2022
Tesla,Model Y,29884,CA ,2022
Tesla,Model Y,34973,CA ,2022
Tesla,Model 3,102233,OH ,2022
Tesla,Model Y,19852,CA ,2022
Tesla,Model 3,45353,NC ,2022
Tesla,Model 3,81748,CA ,2022
Tesla,Model 3,29259,CO ,2022
Tesla,Model Y,72281,NY ,2022
Tesla,Model 3,59088,NM ,2022
Tesla,Model Y,25886,CA ,2022
Tesla,Model 3,5749,CA ,2022
Tesla,Model Y,36681,CA ,2022
Tesla,Model Y,27994,TX ,2022
Tesla,Model Y,29884,CA ,2022
Tesla,Model Y,34973,CA ,2022
Tesla,Model 3,102233,OH ,2022
Tesla,Model Y,19852,CA ,2022
Lexus,NX350,1630,MI ,2022
Tesla,Model Y,13005,MA ,2022
Tesla,Model Y,20915,GA ,2022
Tesla,Model Y,10769,VA ,2022
Tesla,Model Y,25333,PA ,2022
Tesla,Model 3,67950,FL ,2022
Tesla,Model Y,2388,AZ ,2022
Tesla,Model Y,8946,CA ,2022
Tesla,Model 3,45353,NC ,2022
Tesla,Model 3,81748,CA ,2022
Cadillac,CT6,91711,MA ,2022
Tesla,Model Y,72281,NY ,2022
Tesla,Model 3,29259,CO ,2022
Tesla,Model Y,61593,WA ,2022
Tesla,Model 3,20968,WA ,2022
Tesla,Model X,85181,CA ,2022
Tesla,Model Y,53933,WA ,2022
Tesla,Model 3,48922,KS ,2022
Tesla,Model 3,8052,IN ,2022
Tesla,Model S,12827,MO ,2022
Tesla,Model Y,22936,CA ,2022
Tesla,Model Y,16368,CA ,2022
Tesla,Model X,76030,CA ,2022
Tesla,Model X,55880,NJ ,2022
Tesla,Model Y,,CA ,2022
Tesla,Model 3,20344,TX ,2022
Tesla,Model Y,48172,TX ,2022
Tesla,Model Y,23278,NJ ,2022
Tesla,Model 3,36774,CA ,2022
Tesla,Model 3,30083,CA ,2022
Tesla,Model Y,21809,CA ,2022
Tesla,Model 3,57175,CA ,2022
Tesla,Model Y,3965,CA ,2022
Tesla,Model Y,22480,TX ,2022
Tesla,Model Y,13005,MA ,2022
Tesla,Model 3,46949,OK ,2022
Tesla,Model Y,20915,GA ,2022
Tesla,Model Y,10769,VA ,2022
Tesla,Model Y,25333,PA ,2022
Tesla,Model 3,67950,FL ,2022
Tesla,Model Y,61593,WA ,2022
Tesla,Model 3,20968,WA ,2022
Cadillac,CT6,91711,MA ,2022
Tesla,Model X,85181,CA ,2022
Lexus,RX450hL,16678,NC ,2022
Kia,EV6,10193,CA ,2022
Subaru,Forester,25500,LA ,2022
Maserati,Ghibli,,CT ,2022
Lexus,NX350,1630,MI ,2022
Tesla,Model Y,2388,AZ ,2022
Tesla,Model Y,53933,WA ,2022
Tesla,Model 3,48922,KS ,2022
Tesla,Model Y,8946,CA ,2022
Jeep,Grand Cherokee,,MI ,2022
Tesla,Model 3,8052,IN ,2022
Tesla,Model Y,5886,NJ ,2022
Tesla,Model 3,15718,CA ,2022
Tesla,Model Y,32181,CA ,2022
Tesla,Model X,10467,CA ,2022
Tesla,Model Y,33923,WA ,2022
Tesla,Model 3,36751,CA ,2022
Tesla,Model 3,50778,CA ,2022
Tesla,Model 3,108086,CA ,2022
Tesla,Model Y,16368,CA ,2022
Tesla,Model Y,22936,CA ,2022
Tesla,Model X,55880,NJ ,2022
Tesla,Model X,76030,CA ,2022
Tesla,Model S,12827,MO ,2022
Tesla,Model Y,,CA ,2022
Tesla,Model 3,20344,TX ,2022
Tesla,Model Y,48172,TX ,2022
Tesla,Model Y,23278,NJ ,2022
Tesla,Model 3,36774,CA ,2022
Tesla,Model 3,30083,CA ,2022
Tesla,Model Y,21809,CA ,2022
Tesla,Model 3,57175,CA ,2022
Tesla,Model Y,3965,CA ,2022
Tesla,Model Y,22480,TX ,2022
Tesla,Model 3,25299,CA ,2022
Tesla,Model 3,46949,OK ,2022
Subaru,Outback,3166,KY ,2022
Tesla,Model Y,5886,NJ ,2022
Tesla,Model 3,15718,CA ,2022
Tesla,Model Y,32181,CA ,2022
Tesla,Model Y,5860,LA ,2022
Tesla,Model X,58861,FL ,2022
Tesla,Model S,20697,CA ,2022
Tesla,Model 3,28192,CA ,2022
Tesla,Model Y,26543,CO ,2022
Tesla,Model 3,32276,CA ,2022
Tesla,Model Y,24658,NC ,2022
Tesla,Model 3,50327,CA ,2022
Tesla,Model 3,108086,CA ,2022
Tesla,Model Y,33923,WA ,2022
Tesla,Model X,10467,CA ,2022
Tesla,Model 3,36751,CA ,2022
Tesla,Model 3,50778,CA ,2022
Tesla,Model Y,61593,WA ,2022
Tesla,Model 3,20968,WA ,2022
Subaru,Forester,25500,LA ,2022
Maserati,Ghibli,,CT ,2022
Tesla,Model X,,CA ,2022
Tesla,Model 3,44753,CA ,2022
Jeep,Grand Cherokee,,MI ,2022
Tesla,Model 3,25299,CA ,2022
Tesla,Model Y,5860,LA ,2022
Tesla,Model X,58861,FL ,2022
Tesla,Model S,20697,CA ,2022
Tesla,Model 3,28192,CA ,2022
Tesla,Model Y,26543,CO ,2022
Tesla,Model 3,32276,CA ,2022
Tesla,Model Y,24658,NC ,2022
Subaru,Outback,3166,KY ,2022
Tesla,Model 3,50327,CA ,2022
Toyota,Highlander,9730,UNK,2022
Toyota,Venza,21000,KY ,2022
Lexus,RX450hL,16678,NC ,2022
Tesla,Model X,,CA ,2022
Tesla,Model 3,44753,CA ,2022
Tesla,Model 3,30554,OH ,2022
Tesla,Model 3,30554,OH ,2022
Tesla,Model S,,FL ,2022
Tesla,Model Y,26367,CA ,2022
Tesla,Model Y,19582,CA ,2022
Tesla,Model Y,15576,WA ,2022
Tesla,Model Y,13345,FL ,2022
Tesla,Model Y,23601,TX ,2022
Tesla,Model 3,22840,CA ,2022
Tesla,Model 3,12314,CA ,2022
Tesla,Model S,866,PA ,2022
Tesla,Model 3,19106,NY ,2022
Tesla,Model Y,66420,CA ,2022
Tesla,Model Y,33340,NJ ,2022
Tesla,Model 3,95868,CA ,2022
Tesla,Model 3,19781,CA ,2022
Tesla,Model Y,21814,MD ,2022
Tesla,Model 3,23911,CA ,2022
Tesla,Model 3,47957,ID ,2022
Tesla,Model 3,35088,CA ,2022
Tesla,Model S,,FL ,2022
Tesla,Model Y,26367,CA ,2022
Tesla,Model Y,19582,CA ,2022
Tesla,Model Y,15576,WA ,2022
Tesla,Model Y,13345,FL ,2022
Tesla,Model Y,23601,TX ,2022
Tesla,Model 3,22840,CA ,2022
Tesla,Model 3,12314,CA ,2022
Tesla,Model 3,30554,OH ,2022
Tesla,Model S,866,PA ,2022
Tesla,Model Y,66420,CA ,2022
Tesla,Model 3,19106,NY ,2022
Lexus,RX450hL,16678,NC ,2022
Toyota,Venza,21000,KY ,2022
Tesla,Model Y,33340,NJ ,2022
Toyota,Highlander,9730,UNK,2022
Tesla,Model 3,95868,CA ,2022
Tesla,Model 3,19781,CA ,2022
Nissan,Rogue SV,14326,GA ,2022
Subaru,Forester,22974,CA ,2022
Tesla,Model Y,21814,MD ,2022
Tesla,Model 3,23911,CA ,2022
Tesla,Model X,10036,TX ,2022
Tesla,Model X,42183,TX ,2022
Tesla,Model Y,23520,TX ,2022
Tesla,Model Y,45519,CA ,2022
Tesla,Model 3,13847,CA ,2022
Tesla,Model Y,27411,CA ,2022
Tesla,Model 3,16192,CA ,2022
Tesla,Model Y,62477,CA ,2022
Tesla,Model Y,56523,CA ,2022
Tesla,Model X,365,CA ,2022
Tesla,Model 3,64824,TX ,2022
Tesla,Model S,5781,OR ,2022
Tesla,Model Y,6249,AL ,2022
Tesla,Model X,41244,AZ ,2022
Tesla,Model 3,68151,CA ,2022
Tesla,Model S,31265,TX ,2022
Tesla,Model 3,55003,CA ,2022
Tesla,Model 3,47710,VA ,2022
Tesla,Model Y,1558,MD ,2022
Tesla,Model 3,47957,ID ,2022
Tesla,Model 3,35088,CA ,2022
Tesla,Model 3,47710,VA ,2022
Tesla,Model Y,56523,CA ,2022
Tesla,Model Y,27411,CA ,2022
Tesla,Model X,10036,TX ,2022
Tesla,Model Y,45519,CA ,2022
Tesla,Model 3,13847,CA ,2022
Tesla,Model 3,16192,CA ,2022
Tesla,Model 3,55003,CA ,2022
Tesla,Model Y,23520,TX ,2022
Tesla,Model Y,62477,CA ,2022
Tesla,Model Y,6249,AL ,2022
Tesla,Model X,42183,TX ,2022
Tesla,Model X,41244,AZ ,2022
Tesla,Model S,5781,OR ,2022
Tesla,Model S,31265,TX ,2022
Tesla,Model X,365,CA ,2022
Tesla,Model 3,68151,CA ,2022
Tesla,Model 3,64824,TX ,2022
International,LT,39226,MD ,2022
Kia,EV6,10193,UNK,2022
Tesla,Model Y,1558,MD ,2022
Tesla,Model Y,33699,VA ,2022
Tesla,Model 3,2651,CA ,2022
Tesla,Model Y,50467,CA ,2022
Tesla,Model Y,19710,MS ,2022
Tesla,Model 3,57946,FL ,2022
Tesla,Model 3,13179,NJ ,2022
Freightliner,Cascadia,,IN ,2022
Tesla,Model Y,33699,VA ,2022
Tesla,Model 3,2651,CA ,2022
Tesla,Model Y,50467,CA ,2022
Tesla,Model X,37804,FL ,2022
Tesla,Model 3,33628,GA ,2022
Tesla,Model Y,26039,TX ,2022
Tesla,Model 3,65324,GA ,2022
Tesla,Model 3,33122,NJ ,2022
Tesla,Model Y,25906,TX ,2022
Tesla,Model 3,34847,CA ,2022
Tesla,Model Y,12888,CA ,2022
Tesla,Model Y,17028,WA ,2022
Tesla,Model 3,23333,KY ,2022
Tesla,Model Y,16477,CA ,2022
Tesla,Model 3,33370,FL ,2022
Tesla,Model X,41912,CA ,2022
Tesla,Model 3,60040,CA ,2022
Tesla,Model 3,33350,CA ,2022
Kia,EV6,10193,UNK,2022
Mercedes-Benz,S580 4Matic,12029,TN ,2022
Tesla,Model Y,19710,MS ,2022
Tesla,Model X,9110,NJ ,2022
Tesla,Model 3,57946,FL ,2022
Tesla,Model 3,13179,NJ ,2022
Tesla,Model X,37804,FL ,2022
Tesla,Model 3,33628,GA ,2022
Tesla,Model Y,26039,TX ,2022
Tesla,Model 3,65324,GA ,2022
Tesla,Model Y,41024,CA ,2022
Tesla,Model 3,53820,CA ,2022
Tesla,Model Y,35537,NJ ,2022
Tesla,Model Y,23014,TX ,2022
Tesla,Model Y,72243,CT ,2022
Tesla,Model Y,85884,AR ,2022
Tesla,Model S,9226,FL ,2022
Tesla,Model 3,21521,TX ,2022
Tesla,Model 3,33143,CA ,2022
Tesla,Model 3,33122,NJ ,2022
Tesla,Model Y,25906,TX ,2022
Tesla,Model 3,34847,CA ,2022
Freightliner,Cascadia,,IN ,2022
Tesla,Model Y,12888,CA ,2022
Tesla,Model Y,17028,WA ,2022
Tesla,Model 3,23333,KY ,2022
Tesla,Model Y,16477,CA ,2022
Tesla,Model 3,33370,FL ,2022
Tesla,Model X,41912,CA ,2022
Tesla,Model 3,60040,CA ,2022
Tesla,Model 3,33350,CA ,2022
Tesla,Model 3,,CA ,2022
Subaru,Forester,22974,CA ,2022
Mercedes-Benz,S580 4Matic,,TN ,2022
BMW,X5 sDrive40i,27161,TX ,2022
Tesla,Model X,28854,MN ,2022
Tesla,Model 3,108666,SC ,2022
Tesla,Model X,9110,NJ ,2022
Tesla,Model Y,41024,CA ,2022
Tesla,Model 3,53820,CA ,2022
Tesla,Model Y,35537,NJ ,2022
Tesla,Model Y,23014,TX ,2022
Tesla,Model 3,33143,CA ,2022
Tesla,Model Y,72243,CT ,2022
Tesla,Model 3,21521,TX ,2022
Tesla,Model S,9226,FL ,2022
Tesla,Model Y,85884,AR ,2022
Tesla,Model Y,74084,CA ,2022
Tesla,Model Y,36979,CA ,2022
Tesla,Model Y,9104,WA ,2022
Tesla,Model 3,36792,TN ,2022
Tesla,Model 3,41796,FL ,2022
Toyota,RAV4 HV,5424,MD ,2022
Toyota,Camry HV,4456,MO ,2022
BMW,X5 sDrive40i,27161,TX ,2022
Subaru,Forester,25938,NY ,2022
Subaru,Forester,29000,CA ,2022
Tesla,Model Y,20311,CA ,2022
Tesla,Model 3,,CA ,2022
Nissan,Rogue SV,14326,UNK,2022
Tesla,Model Y,74084,CA ,2022
BMW,X5 sDrive40i,27161,TX ,2022
Tesla,Model 3,1945,CA ,2022
Tesla,Model X,86539,FL ,2022
Tesla,Model Y,18419,OR ,2022
Tesla,Model Y,4336,VA ,2022
Tesla,Model Y,16719,FL ,2022
Tesla,Model 3,108666,SC ,2022
Tesla,Model Y,36979,CA ,2022
Tesla,Model Y,9104,WA ,2022
Tesla,Model X,28854,MN ,2022
Tesla,Model 3,36792,TN ,2022
Tesla,Model Y,30204,NJ ,2022
Tesla,Model X,46846,CA ,2022
Tesla,Model S,,FL ,2022
Tesla,Model 3,,TX ,2022
Tesla,Model 3,41796,FL ,2022
Tesla,Model 3,30431,CA ,2022
Tesla,Model Y,6067,CA ,2022
Tesla,Model Y,905,NJ ,2022
Tesla,Model Y,7043,VA ,2022
Tesla,Model Y,36475,NY ,2022
Tesla,Model X,29187,VA ,2022
Tesla,Model X,108337,PA ,2022
Tesla,Model X,58024,NC ,2022
Tesla,Model 3,19063,CA ,2022
Tesla,Model 3,56221,TX ,2022
Tesla,Model 3,52741,MA ,2022
Tesla,Model 3,1945,CA ,2022
Nissan,Rogue SV,14000,UNK,2022
Tesla,Model X,86539,FL ,2022
Tesla,Model Y,30204,NJ ,2022
Tesla,Model Y,16719,FL ,2022
Tesla,Model Y,4336,VA ,2022
Tesla,Model Y,20311,CA ,2022
Tesla,Model Y,18419,OR ,2022
Ford,Edge,6493,MI ,2022
Tesla,Model X,46846,CA ,2022
Kia,EV6,298,CA ,2022
Tesla,Model 3,30431,CA ,2022
Tesla,Model S,,FL ,2022
Tesla,Model 3,,TX ,2022
Tesla,Model 3,36103,WI ,2022
Tesla,Model X,29187,VA ,2022
Tesla,Model Y,36475,NY ,2022
Tesla,Model 3,52741,MA ,2022
Tesla,Model 3,19063,CA ,2022
Tesla,Model Y,905,NJ ,2022
Tesla,Model X,108337,PA ,2022
Tesla,Model 3,56221,TX ,2022
Tesla,Model X,58024,NC ,2022
Tesla,Model Y,7043,VA ,2022
Tesla,Model Y,6067,CA ,2022
Toyota,Camry HV,4456,MO ,2022
Tesla,Model 3,,CA ,2022
Tesla,Model Y,18535,NY ,2022
Tesla,Model 3,,NJ ,2022
Tesla,Model 3,5266,CA ,2022
Tesla,Model X,27368,CA ,2022
Kia,EV6,298,CA ,2022
Tesla,Model 3,,NJ ,2022
Ford,Edge,,MI ,2022
Tesla,Model Y,18535,NY ,2022
Tesla,Model 3,,CA ,2022
Tesla,Model 3,5266,CA ,2022
Tesla,Model 3,36103,WI ,2022
Tesla,Model X,27368,CA ,2022
Tesla,Model Y,9646,OH ,2022
Tesla,Model Y,30914,KY ,2022
Tesla,Model Y,23494,PA ,2022
Tesla,Model X,28440,NY ,2022
Tesla,Model 3,53349,CA ,2022
Tesla,Model 3,58073,IL ,2022
Tesla,Model 3,,GA ,2022
Toyota,Camry HV,4456,MO ,2022
Jeep,Grand Cherokee Overland 4x4,,MI ,2022
Toyota,Corolla,13954,NC ,2022
Tesla,Model S,4849,CA ,2022
Tesla,Model Y,1281,PA ,2022
Tesla,Model Y,57537,WI ,2022
Tesla,Model 3,75581,NC ,2022
Tesla,Model 3,61528,FL ,2022
Subaru,Forester,25938,NY ,2022
Subaru,Outback,20606,WV ,2022
Tesla,Model 3,,GA ,2022
Volvo,C40,5275,MA ,2022
Mercedes-Benz,S-Class,7340,CA ,2022
Tesla,Model Y,3826,CA ,2022
Tesla,Model X,224270,CA ,2022
Tesla,Model X,28440,NY ,2022
Tesla,Model Y,30914,KY ,2022
Tesla,Model Y,23494,PA ,2022
Tesla,Model Y,9646,OH ,2022
Tesla,Model 3,53349,CA ,2022
Ford,Expedition,20672,MN ,2022
Tesla,Model Y,20501,CA ,2022
Tesla,Model Y,26904,TX ,2022
Mercedes-Benz,S-Class,7340,CA ,2022
Toyota,RAV4 HV,5424,MD ,2022
Tesla,Model 3,58073,IL ,2022
Volvo,C40,5275,MA ,2022
Jeep,Grand Cherokee Overland 4x4,,MI ,2022
Tesla,Model S,4849,CA ,2022
Tesla,Model Y,9645,GA ,2022
Tesla,Model S,3981,IL ,2022
Tesla,Model 3,6335,CA ,2022
Tesla,Model Y,9937,MI ,2022
Tesla,Model Y,31559,FL ,2022
Tesla,Model 3,49291,FL ,2022
Tesla,Model Y,33368,FL ,2022
Ford,Expedition,,MN ,2022
Tesla,Model 3,,FL ,2022
Toyota,Corolla,13954,NC ,2022
Tesla,Model Y,28390,CA ,2022
Tesla,Model 3,61528,FL ,2022
Tesla,Model X,224270,CA ,2022
Tesla,Model Y,1281,PA ,2022
Tesla,Model 3,75581,NC ,2022
Tesla,Model Y,57537,WI ,2022
Tesla,Model Y,3826,CA ,2022
Tesla,Model Y,20501,CA ,2022
Tesla,Model Y,26904,TX ,2022
Tesla,Model Y,9645,GA ,2022
Tesla,Model S,3981,IL ,2022
Toyota,RAV4 HV,5424,MD ,2022
Volvo,C40,5275,MA ,2022
Tesla,Model 3,,SC ,2022
Tesla,Model Y,34193,CA ,2022
Tesla,Model 3,56365,TX ,2022
Tesla,Model Y,19010,FL ,2022
Tesla,Model Y,19237,OH ,2022
Tesla,Model Y,27750,CT ,2022
Tesla,Model Y,20985,IL ,2022
Tesla,Model Y,28934,FL ,2022
Tesla,Model 3,6335,CA ,2022
Tesla,Model Y,9937,MI ,2022
Tesla,Model Y,31559,FL ,2022
Tesla,Model 3,49291,FL ,2022
Tesla,Model Y,33368,FL ,2022
Subaru,Forester,25938,NY ,2022
Tesla,Model 3,,FL ,2022
Toyota,Corolla,13954,NC ,2022
Tesla,Model 3,,SC ,2022
Tesla,Model Y,34193,CA ,2022
Tesla,Model Y,28390,CA ,2022
Tesla,Model 3,56365,TX ,2022
Tesla,Model 3,6755,CA ,2022
Tesla,Model Y,19237,OH ,2022
Tesla,Model Y,27750,CT ,2022
Tesla,Model Y,19010,FL ,2022
Tesla,Model 3,56234,NC ,2022
Tesla,Model 3,23018,FL ,2022
Tesla,Model Y,8852,CA ,2022
Tesla,Model S,8663,FL ,2022
Tesla,Model 3,22138,NY ,2022
Tesla,Model Y,4285,MD ,2022
Tesla,Model Y,29988,FL ,2022
Tesla,Model 3,56117,CA ,2022
Tesla,Model Y,20985,IL ,2022
Tesla,Model Y,28934,FL ,2022
Subaru,Outback,20606,WV ,2022
Toyota,Sienna HV,17424,TX ,2022
Subaru,Forester,25938,NY ,2022
Tesla,Model 3,56234,NC ,2022
Tesla,Model 3,23018,FL ,2022
Tesla,Model 3,22138,NY ,2022
Tesla,Model S,8663,FL ,2022
Tesla,Model Y,8852,CA ,2022
BMW,540i,2273,NY ,2022
Tesla,Model 3,56117,CA ,2022
Tesla,Model Y,29988,FL ,2022
Tesla,Model Y,4285,MD ,2022
Tesla,Model Y,34899,TX ,2022
Tesla,Model Y,6353,CT ,2022
Tesla,Model Y,39749,GA ,2022
Tesla,Model S,34497,FL ,2022
Tesla,Model 3,20382,AL ,2022
Tesla,Model 3,2606,CA ,2022
Tesla,Model 3,34151,CT ,2022
Freightliner,Cascadia,43339,IA ,2022
Subaru,Outback,17090,WV ,2022
International,LT,56429,PA ,2022
Toyota,Sienna HV,17424,TX ,2022
Tesla,Model Y,34899,TX ,2022
Tesla,Model X,100991,TX ,2022
Tesla,Model Y,6353,CT ,2022
Tesla,Model Y,39749,GA ,2022
Tesla,Model S,34497,FL ,2022
Tesla,Model 3,20382,AL ,2022
Tesla,Model 3,3925,NJ ,2022
Tesla,Model 3,51352,NM ,2022
Tesla,Model 3,55686,CA ,2022
Tesla,Model 3,,NJ ,2022
Tesla,Model 3,34151,CT ,2022
Tesla,Model 3,2606,CA ,2022
Lexus,NX 350,4622,CA ,2022
Honda,CRV,,TN ,2022
Freightliner,Cascadia,43339,IA ,2022
Honda,Civic,,IL ,2022
Tesla,Model 3,12245,UNK,2022
Tesla,Model X,42649,CA ,2022
Tesla,Model X,,LA ,2022
Tesla,Model 3,3925,NJ ,2022
Tesla,Model S,29825,UNK,2022
Tesla,Model S,61139,AZ ,2022
Tesla,Model 3,12245,UNK,2022
Tesla,Model S,163525,NY ,2022
Tesla,Model 3,9574,TX ,2022
Tesla,Model X,93104,CA ,2022
Tesla,Model 3,55036,UT ,2022
Tesla,Model Y,15863,AL ,2022
Tesla,Model 3,34656,FL ,2022
Tesla,Model X,100991,TX ,2022
Tesla,Model 3,51352,NM ,2022
Tesla,Model 3,17073,NY ,2022
Honda,Civic,,PA ,2022
Tesla,Model 3,,NJ ,2022
Tesla,Model 3,55686,CA ,2022
Lexus,NX 350,4622,CA ,2022
Tesla,Model 3,9574,TX ,2022
Tesla,Model Y,15863,AL ,2022
Tesla,Model 3,34656,FL ,2022
Tesla,Model 3,,IL ,2022
Tesla,Model X,93104,CA ,2022
Tesla,Model Y,,FL ,2022
Tesla,Model Y,12513,KY ,2022
Tesla,Model S,117102,VA ,2022
Tesla,Model Y,16493,CA ,2022
Tesla,Model Y,12869,OH ,2022
Tesla,Model 3,18924,TX ,2022
Tesla,Model 3,15986,CA ,2022
Tesla,Model 3,16572,VA ,2022
Tesla,Model 3,45940,CA ,2022
Tesla,Model 3,48437,FL ,2022
Tesla,Model 3,27516,CA ,2022
Tesla,Model 3,88015,AL ,2022
Tesla,Model X,16572,WI ,2022
Tesla,Model S,163525,NY ,2022
Tesla,Model X,42649,CA ,2022
Tesla,Model 3,55036,UT ,2022
Tesla,Model X,,UNK,2022
Tesla,Model 3,13000,UNK,2022
Tesla,Model S,29825,UNK,2022
Tesla,Model 3,12245,UNK,2022
Tesla,Model S,61139,AZ ,2022
Tesla,Model Y,16271,CA ,2022
Tesla,Model Y,40473,GA ,2022
Tesla,Model S,92151,IL ,2022
Tesla,Model S,30062,TX ,2022
Tesla,Model 3,44068,AL ,2022
Tesla,Model 3,5252,GA ,2022
Tesla,Model 3,9908,CA ,2022
Tesla,Model 3,23348,MD ,2022
Tesla,Model Y,,FL ,2022
Tesla,Model 3,17073,NY ,2022
Tesla,Model S,117102,VA ,2022
Tesla,Model Y,12513,KY ,2022
Tesla,Model 3,48437,FL ,2022
Tesla,Model 3,18924,TX ,2022
Tesla,Model 3,16572,VA ,2022
Tesla,Model 3,15986,CA ,2022
Tesla,Model Y,12869,OH ,2022
Tesla,Model Y,16493,CA ,2022
Tesla,Model 3,45940,CA ,2022
Tesla,Model Y,10555,CA ,2022
Tesla,Model Y,42621,AZ ,2022
Tesla,Model Y,44616,CA ,2022
Tesla,Model S,66802,AZ ,2022
Tesla,Model S,72290,FL ,2022
Tesla,Model 3,,UNK,2022
Genesis,GV70,,MI ,2022
Subaru,Outback,25486,OH ,2022
Toyota,RAV4,18949,WA ,2022
Tesla,Model 3,88015,AL ,2022
Tesla,Model 3,27516,CA ,2022
Kia,Telluride,4091,NJ ,2022
BMW,540i,2273,NY ,2022
Tesla,Model X,16572,WI ,2022
Tesla,Model 3,23108,CA ,2022
Honda,Civic,,CA ,2022
Tesla,Model Y,32667,CA ,2022
Tesla,Model S,91359,PA ,2022
Tesla,Model 3,74913,MD ,2022
Tesla,Model 3,52247,TN ,2022
Tesla,Model Y,37174,MO ,2022
Tesla,Model Y,28852,FL ,2022
Tesla,Model 3,7124,AZ ,2022
Tesla,Model 3,,NJ ,2022
Tesla,Model 3,22903,WA ,2022
Tesla,Model 3,13171,WI ,2022
Tesla,Model S,30062,TX ,2022
Tesla,Model 3,9908,CA ,2022
Tesla,Model Y,40473,GA ,2022
Tesla,Model S,92151,IL ,2022
Tesla,Model 3,44068,AL ,2022
Tesla,Model 3,5252,GA ,2022
Tesla,Model Y,16271,CA ,2022
Tesla,Model 3,23348,MD ,2022
Honda,CRV Hybrid,,TX ,2022
Subaru,Outback,25486,OH ,2022
Tesla,Model Y,15778,UT ,2022
Tesla,Model S,58377,CA ,2022
Tesla,Model 3,86380,CA ,2022
Tesla,Model S,66802,AZ ,2022
Tesla,Model Y,10555,CA ,2022
Tesla,Model Y,44616,CA ,2022
Tesla,Model Y,42621,AZ ,2022
Tesla,Model S,72290,FL ,2022
Tesla,Model 3,39215,GA ,2022
Tesla,Model Y,32667,CA ,2022
Tesla,Model 3,6755,CA ,2022
Tesla,Model S,32508,CA ,2022
Tesla,Model 3,7015,NV ,2022
Tesla,Model Y,22598,FL ,2022
Tesla,Model Y,23519,IL ,2022
Tesla,Model 3,17757,TX ,2022
Tesla,Model 3,4678,CA ,2022
Tesla,Model 3,47680,TX ,2022
Tesla,Model 3,52247,TN ,2022
Tesla,Model S,91359,PA ,2022
Tesla,Model 3,74913,MD ,2022
Tesla,Model 3,13171,WI ,2022
Tesla,Model Y,28852,FL ,2022
Tesla,Model 3,23108,CA ,2022
Tesla,Model 3,22903,WA ,2022
Tesla,Model Y,37174,MO ,2022
Tesla,Model 3,7124,AZ ,2022
Tesla,Model 3,,NJ ,2022
Tesla,Model 3,45800,CA ,2022
Tesla,Model 3,17036,CA ,2022
Tesla,Model 3,36342,CA ,2022
BMW,540i,2273,NY ,2022
Tesla,Model S,58377,CA ,2022
Tesla,Model Y,15778,UT ,2022
Honda,Civic,,LA ,2022
Honda,CRV,16000,DC ,2022
Subaru,Outback,25486,OH ,2022
Tesla,Model 3,86380,CA ,2022
Tesla,Model 3,7015,NV ,2022
Tesla,Model S,32508,CA ,2022
Tesla,Model 3,47680,TX ,2022
Tesla,Model 3,4678,CA ,2022
Tesla,Model Y,22598,FL ,2022
Tesla,Model Y,23519,IL ,2022
Tesla,Model 3,17757,TX ,2022
Tesla,Model 3,51424,CA ,2022
Tesla,Model Y,34332,TX ,2022
Tesla,Model 3,74049,TX ,2022
Tesla,Model X,43970,CA ,2022
Tesla,Model Y,23333,SD ,2022
Tesla,Model Y,11614,CA ,2022
Tesla,Model Y,10449,PA ,2022
Tesla,Model 3,45800,CA ,2022
BMW,540i,2273,NY ,2022
Genesis,GV70,,MI ,2022
Tesla,Model Y,25346,MN ,2022
Tesla,Model 3,36342,CA ,2022
Tesla,Model 3,17036,CA ,2022
Tesla,Model Y,11614,CA ,2022
Honda,Accord,,OH ,2022
Tesla,Model 3,74049,TX ,2022
Tesla,Model X,43970,CA ,2022
Tesla,Model Y,23333,SD ,2022
Tesla,Model 3,18543,GA ,2022
Tesla,Model 3,18720,CA ,2022
Tesla,Model S,172907,CA ,2022
Tesla,Model 3,12245,NC ,2022
Tesla,Model 3,18882,MS ,2022
Tesla,Model Y,19187,TX ,2022
Tesla,Model 3,50021,FL ,2022
Tesla,Model Y,11101,MI ,2022
Tesla,Model 3,22546,NY ,2022
Acura,ILX,,VA ,2022
Kia,Telluride,4091,NJ ,2022
Tesla,Model Y,10449,PA ,2022
Tesla,Model Y,34332,TX ,2022
Tesla,Model 3,51424,CA ,2022
Tesla,Model 3,18543,GA ,2022
Tesla,Model 3,18720,CA ,2022
Acura,MDX,40000,DE ,2022
International,LT,56429,PA ,2022
Porsche,Cayenne E-hybrid,100,GA ,2022
Tesla,Model 3,32934,KY ,2022
Mercedes-Benz,AMG GLE43 4Matic Coupe,19702,TX ,2022
Mercedes-Benz,S580 4Matic,976,TX ,2022
Toyota,RAV4,95894,WA ,2022
Tesla,Model S,172907,CA ,2022
Honda,Passport,,NC ,2022
Tesla,Model 3,18882,MS ,2022
Tesla,Model 3,12245,NC ,2022
Tesla,Model Y,25346,MN ,2022
Tesla,Model Y,45966,CA ,2022
Tesla,Model S,93903,NC ,2022
Tesla,Model S,148140,CA ,2022
Tesla,Model 3,31589,MO ,2022
Tesla,Model Y,19187,TX ,2022
Tesla,Model 3,50021,FL ,2022
Ford,F-150,2000,GA ,2022
Honda,Pilot,,TX ,2022
Tesla,Model 3,22546,NY ,2022
Tesla,Model Y,11101,MI ,2022
Genesis,GV70,,MI ,2022
Honda,HRV,,NY ,2022
Honda,Accord Hybrid,,NJ ,2022
Kia,Telluride,4091,NJ ,2022
Tesla,Model S,148140,CA ,2022
Tesla,Model 3,37991,FL ,2022
Tesla,Model Y,17960,AZ ,2022
Tesla,Model S,57525,MI ,2022
Tesla,Model Y,38699,KY ,2022
Tesla,Model 3,49415,NC ,2022
Tesla,Model 3,57610,FL ,2022
Tesla,Model Y,6985,FL ,2022
Tesla,Model Y,18171,CA ,2022
Tesla,Model 3,9391,CO ,2022
Tesla,Model 3,1814,CA ,2022
Honda,Accord Hybrid,,TX ,2022
Tesla,Model 3,31589,MO ,2022
Tesla,Model Y,45966,CA ,2022
Tesla,Model S,93903,NC ,2022
Tesla,Model 3,1814,OR ,2022
Tesla,Model 3,9391,CO ,2022
Tesla,Model Y,6985,FL ,2022
Tesla,Model Y,18171,CA ,2022
Tesla,Model 3,37991,FL ,2022
Acura,MDX,,LA ,2022
Tesla,Model 3,57610,FL ,2022
Tesla,Model 3,49415,NC ,2022
Tesla,Model Y,17960,AZ ,2022
Tesla,Model S,57525,MI ,2022
Tesla,Model Y,38699,KY ,2022
Tesla,Model Y,27385,CA ,2022
Tesla,Model Y,22459,MD ,2022
Tesla,Model 3,29426,NY ,2022
Tesla,Model 3,42322,OH ,2022
Tesla,Model Y,24347,NJ ,2022
Tesla,Model 3,50088,CA ,2022
Tesla,Model 3,60905,CA ,2022
Tesla,Model 3,36497,PA ,2022
Tesla,Model 3,4126,CA ,2022
Honda,Ridgeline,,TX ,2022
Acura,RDX,,FL ,2022
Tesla,Model 3,29426,NY ,2022
Tesla,Model 3,42322,OH ,2022
Tesla,Model Y,27385,CA ,2022
Tesla,Model Y,22459,MD ,2022
Tesla,Model Y,24347,NJ ,2022
Tesla,Model 3,60905,CA ,2022
Tesla,Model 3,50088,CA ,2022
Tesla,Model X,57581,AZ ,2022
Tesla,Model S,11165,IL ,2022
Tesla,Model 3,10758,MT ,2022
Tesla,Model Y,16926,CT ,2022
Tesla,Model S,150601,WI ,2022
Tesla,Model S,27145,MA ,2022
Tesla,Model 3,36497,PA ,2022
Tesla,Model 3,4126,CA ,2022
Toyota,RAV4,95814,WA ,2022
Tesla,Model X,57581,AZ ,2022
Tesla,Model 3,10758,MT ,2022
Tesla,Model S,11165,IL ,2022
Tesla,Model S,115584,NJ ,2022
Honda,Odyssey,,MA ,2022
Tesla,Model Y,16926,CT ,2022
Tesla,Model S,27145,MA ,2022
Tesla,Model S,150601,WI ,2022
Tesla,Model Y,10446,NY ,2022
Tesla,Model 3,55436,IN ,2022
Tesla,Model S,,FL ,2022
Tesla,Model 3,80662,FL ,2022
Tesla,Model 3,32144,CA ,2022
Tesla,Model Y,52462,IL ,2022
Tesla,Model Y,6922,CA ,2022
Tesla,Model Y,5675,CA ,2022
Tesla,Model Y,22027,OH ,2022
Tesla,Model Y,33291,OH ,2022
Tesla,Model 3,52677,OH ,2022
Honda,CRV,,CA ,2022
Audi,S8L,28915,AZ ,2022
Honda,CRV,,VA ,2022
Tesla,Model Y,,NY ,2022
Toyota,RAV4,95814,WA ,2022
Tesla,Model S,,FL ,2022
Tesla,Model 3,22489,FL ,2022
Tesla,Model 3,1157,NJ ,2022
Honda,CRV,,NJ ,2022
Tesla,Model 3,55436,IN ,2022
Tesla,Model X,33155,CA ,2022
Tesla,Model S,80059,MA ,2022
Tesla,Model X,146058,TX ,2022
Tesla,Model Y,15820,FL ,2022
Tesla,Model Y,24702,KY ,2022
Tesla,Model 3,21814,FL ,2022
Tesla,Model S,78949,TN ,2022
Tesla,Model 3,80662,FL ,2022
Tesla,Model S,115584,NJ ,2022
Tesla,Model 3,32144,CA ,2022
Tesla,Model Y,33291,OH ,2022
Tesla,Model Y,5675,CA ,2022
Tesla,Model Y,52462,IL ,2022
Honda,Odyssey,,MA ,2022
Honda,HRV,,NY ,2022
Tesla,Model Y,6922,CA ,2022
Tesla,Model Y,22027,OH ,2022
Tesla,Model 3,,NJ ,2022
Tesla,Model 3,52677,OH ,2022
Honda,Pilot,,TX ,2022
Audi,S8L,28915,AZ ,2022
Tesla,Model 3,91626,CA ,2022
Tesla,Model 3,21814,FL ,2022
Tesla,Model 3,2051,CA ,2022
Tesla,Model Y,15969,MN ,2022
Tesla,Model 3,55193,MN ,2022
Tesla,Model 3,32934,KY ,2022
Tesla,Model S,58797,TX ,2022
Tesla,Model Y,16562,FL ,2022
Tesla,Model Y,8892,CA ,2022
Tesla,Model S,32889,FL ,2022
Tesla,Model 3,11841,NC ,2022
Tesla,Model 3,30866,PA ,2022
Tesla,Model 3,13590,FL ,2022
Tesla,Model S,80059,MA ,2022
Tesla,Model X,146058,TX ,2022
Tesla,Model X,33155,CA ,2022
Honda,CRV,,CA ,2022
Tesla,Model Y,15820,FL ,2022
Tesla,Model 3,22489,FL ,2022
Tesla,Model Y,24702,KY ,2022
Tesla,Model S,44236,VA ,2022
Toyota,RAV4,19157,UNK,2022
Tesla,Model 3,13590,FL ,2022
Tesla,Model 3,2051,CA ,2022
Tesla,Model Y,15969,MN ,2022
Tesla,Model S,78949,TN ,2022
Tesla,Model 3,55193,MN ,2022
Tesla,Model 3,32934,KY ,2022
Tesla,Model S,58797,TX ,2022
Tesla,Model Y,16562,FL ,2022
Tesla,Model 3,91626,CA ,2022
Tesla,Model Y,8892,CA ,2022
Tesla,Model 3,48268,CA ,2022
Tesla,Model Y,25910,PA ,2022
Tesla,Model Y,20111,PA ,2022
Tesla,Model Y,53378,OH ,2022
Tesla,Model Y,3495,DE ,2022
Tesla,Model 3,,UNK,2022
International,LT,56429,PA ,2022
Tesla,Model 3,51340,CA ,2022
Tesla,Model Y,16348,WA ,2022
Tesla,Model X,82744,FL ,2022
Tesla,Model S,32889,FL ,2022
Tesla,Model 3,11841,NC ,2022
Tesla,Model 3,30866,PA ,2022
Honda,CRV,,PA ,2022
Tesla,Model 3,48268,CA ,2022
International,LT,56429,PA ,2022
Tesla,Model S,44236,VA ,2022
Toyota,RAV4,19157,UNK,2022
Tesla,Model Y,25910,PA ,2022
Tesla,Model 3,,UNK,2022
Honda,Civic,,PA ,2022
Tesla,Model Y,20111,PA ,2022
Tesla,Model Y,53378,OH ,2022
Tesla,Model Y,3495,DE ,2022
Tesla,Model 3,28126,PA ,2022
Tesla,Model Y,6974,AZ ,2022
Tesla,Model S,46663,NV ,2022
Tesla,Model 3,66281,VA ,2022
Tesla,Model Y,32010,TX ,2022
Tesla,Model 3,37524,TX ,2022
Tesla,Model 3,1841,TN ,2022
Tesla,Model X,82744,FL ,2022
Tesla,Model Y,16348,WA ,2022
Tesla,Model 3,51340,CA ,2022
Tesla,Model S,3987,CA ,2022
Honda,CR-V,,NY ,2022
Acura,TLX,,UNK,2022
Honda,Civic,25321,UNK,2022
Tesla,Model S,46663,NV ,2022
Honda,CR-V,6000,UNK,2022
Honda,Accord,82000,MD ,2022
Honda,HR-V,14625,NJ ,2022
Tesla,Model S,43427,WI ,2022
Tesla,Model S,95128,IL ,2022
Tesla,Model Y,7241,NJ ,2022
Tesla,Model 3,50661,WA ,2022
Tesla,Model Y,25654,VA ,2022
Tesla,Model S,163101,CA ,2022
Tesla,Model 3,37448,MO ,2022
Tesla,Model Y,2002,FL ,2022
Tesla,Model Y,25316,CA ,2022
Tesla,Model X,50862,CA ,2022
Tesla,Model S,86041,CA ,2022
Tesla,Model S,111419,CA ,2022
Tesla,Model 3,31004,TX ,2022
Tesla,Model 3,66281,VA ,2022
Tesla,Model Y,32010,TX ,2022
Tesla,Model 3,37524,TX ,2022
Ford,Escape,10449,AZ ,2022
Tesla,Model 3,28126,PA ,2022
Tesla,Model 3,1841,TN ,2022
Tesla,Model Y,6974,AZ ,2022
Tesla,Model S,43427,WI ,2022
Tesla,Model S,95128,IL ,2022
Tesla,Model Y,25654,VA ,2022
Tesla,Model S,163101,CA ,2022
Tesla,Model 3,37448,MO ,2022
Tesla,Model S,,CA ,2022
Honda,Civic,,CA ,2022
Tesla,Model Y,7241,NJ ,2022
Tesla,Model 3,50661,WA ,2022
Tesla,Model Y,2002,FL ,2022
Tesla,Model Y,25316,CA ,2022
Tesla,Model X,50862,CA ,2022
Tesla,Model S,86041,CA ,2022
Tesla,Model S,111419,CA ,2022
Tesla,Model 3,31004,TX ,2022
Tesla,Model Y,34447,NC ,2022
Tesla,Model Y,26426,CA ,2022
Tesla,Model Y,51967,CA ,2022
Tesla,Model Y,7169,CA ,2022
Ford,F150,3800,NY ,2022
Ford,Escape,10449,AZ ,2022
Tesla,Model Y,34447,NC ,2022
Tesla,Model Y,26426,CA ,2022
Tesla,Model Y,7169,CA ,2022
Tesla,Model Y,51967,CA ,2022
Tesla,Model 3,6988,CA ,2022
Tesla,Model 3,44485,CA ,2022
Tesla,Model 3,6988,CA ,2022
Tesla,Model 3,44485,CA ,2022
Tesla,Model Y,37111,SC ,2022
Honda,Accord Hybrid,,VA ,2022
Ford,F150,3800,NY ,2022
Honda,Civic,,NJ ,2022
Honda,Odyssey,,CA ,2022
Tesla,Model 3,6988,CA ,2022
Tesla,Model 3,1946,CA ,2022
Tesla,Model Y,29941,VA ,2022
Tesla,Model Y,22117,CA ,2022
Honda,Accord,,TX ,2022
Tesla,Model Y,37111,SC ,2022
Honda,Accord,,MS ,2022
Honda,CRV,,FL ,2022
Tesla,Model Y,29941,VA ,2022
Honda,Odyssey,,CA ,2022
Tesla,Model 3,1946,CA ,2022
Tesla,Model Y,16892,CA ,2022
Tesla,Model Y,22117,CA ,2022
Tesla,Model Y,16895,FL ,2022
Tesla,Model 3,33629,CA ,2022
Tesla,Model Y,16892,CA ,2022
Tesla,Model S,139808,CA ,2022
Tesla,Model Y,,TX ,2022
Acura,ILX,,TX ,2022
Tesla,Model Y,16895,FL ,2022
Honda,Passport,1000,UNK,2022
Mercedes-Benz,AMG GLE43 4Matic Coupe,19702,TX ,2022
Tesla,Model 3,33629,CA ,2022
Tesla,Model 3,28264,CA ,2022
Tesla,Model Y,14055,CA ,2022
Tesla,Model X,85519,TX ,2022
Tesla,Model S,50310,CA ,2022
Tesla,Model 3,22631,CA ,2022
Tesla,Model 3,28264,CA ,2022
Tesla,Model X,63380,WA ,2022
Tesla,Model Y,,TX ,2022
Honda,Civic,,CA ,2022
Honda,Civic,,CA ,2022
Acura,TLX,,FL ,2022
Cadillac,CT6,86110,FL ,2022
Tesla,Model Y,16892,CA ,2022
Acura,ILX,,FL ,2022
Porsche,Taycan 4 Cross Turismo,3731,UNK,2022
Acura,RDX,,NY ,2022
Honda,CRV,,MI ,2022
Tesla,Model Y,14055,CA ,2022
Tesla,Model S,139808,CA ,2022
Tesla,Model 3,44189,CA ,2022
Ford,Escape,,FL ,2022
Porsche,Taycan 4 Cross Turismo,3731,UNK,2022
Tesla,Model X,63380,WA ,2022
Tesla,Model X,85519,TX ,2022
Tesla,Model S,50310,CA ,2022
Tesla,Model 3,22631,CA ,2022
Honda,Pilot,,FL ,2022
Tesla,Model 3,,CA ,2022
Tesla,Model S,2016,TX ,2022
Tesla,Model 3,22927,OH ,2022
Tesla,Model 3,22011,FL ,2022
Tesla,Model S,69658,CA ,2022
Tesla,Model Y,53744,NY ,2022
Honda,Accord,,PA ,2022
Honda,Ridgeline,,NC ,2022
Honda,Pilot,,NY ,2022
Honda,Accord Hybrid,,AR ,2022
Acura,MDX,,NY ,2022
Mercedes-Benz,AMG GLE43 4Matic Coupe,19702,TX ,2022
Acura,MDX,,CA ,2022
Honda,Odyssey,,AZ ,2022
Honda,Accord,,CA ,2022
Honda,CRV,,VA ,2022
Honda,Passport,,OH ,2022
Acura,RDX,,NC ,2022
Honda,Pilot,,TN ,2022
Honda,Accord,,AL ,2022
Honda,Accord Hybrid,,CA ,2022
Honda,Civic,,CA ,2022
Honda,Accord,,FL ,2022
Honda,Odyssey,,IL ,2022
Honda,Civic,,FL ,2022
Honda,Civic,,NY ,2022
Honda,Ridgeline,,IA ,2022
Honda,CRV Hybrid,,NM ,2022
Honda,Civic,,PA ,2022
Acura,TLX,,UNK,2022
Honda,Civic,,IL ,2022
Honda,CR-V,,NY ,2022
Honda,Civic,,AL ,2022
Honda,CRV,,NY ,2022
Honda,CRV,,UNK,2022
Honda,Accord,,NJ ,2022
Acura,RLX,,CA ,2022
Honda,Pilot,,NY ,2022
Honda,Accord,,NY ,2022
Honda,Pilot,,MI ,2022
Honda,Passport,,NY ,2022
Acura,TLX,14279,NY ,2022
Honda,Pilot,5500,NY ,2022
Honda,Ridgeline,,VA ,2022
Acura,TLX,18000,GA ,2022
Acura,MDX,12000,FL ,2022
Cadillac,CT6,86110,FL ,2022
Honda,Accord,,CA ,2022
Tesla,Model S,2016,TX ,2022
Tesla,Model 3,22927,OH ,2022
Tesla,Model 3,22011,FL ,2022
Tesla,Model 3,44189,CA ,2022
Tesla,Model 3,28264,CA ,2022
Tesla,Model S,69658,CA ,2022
Honda,Odyssey,,TX ,2022
Acura,ILX,,VA ,2022
Tesla,Model Y,6630,VA ,2022
Acura,TLX,,NY ,2022
Acura,MDX,,PA ,2022
Tesla,Model Y,53744,NY ,2022
Tesla,Model 3,30477,VA ,2022
Ford,Escape,,FL ,2022
Tesla,Model S,131753,NJ ,2022
Tesla,Model 3,6782,CA ,2022
Tesla,Model 3,86567,CA ,2022
Tesla,Model Y,50762,NJ ,2022
Tesla,Model Y,29117,MO ,2022
Tesla,Model X,92856,GA ,2022
Tesla,Model 3,1307,CA ,2022
Tesla,Model 3,43229,CA ,2022
Porsche,Taycan 4 Cross Turismo,3731,UNK,2022
Tesla,Model 3,30477,VA ,2022
Honda,CRV,,PA ,2022
Acura,RDX,,NY ,2022
Tesla,Model S,131753,NJ ,2022
Tesla,Model 3,6782,CA ,2022
Tesla,Model 3,86567,CA ,2022
Tesla,Model Y,6630,VA ,2022
Subaru,Forester,25739,KY ,2022
Subaru,Forester,59316,MS ,2022
Tesla,Model Y,50762,NJ ,2022
Tesla,Model Y,29117,MO ,2022
Tesla,Model X,92856,GA ,2022
Tesla,Model 3,24202,TN ,2022
Tesla,Model 3,54460,NC ,2022
Tesla,Model 3,43525,CA ,2022
Tesla,Model 3,42006,CA ,2022
Tesla,Model 3,1307,CA ,2022
Tesla,Model 3,43229,CA ,2022
Tesla,Model 3,24202,TN ,2022
Acura,TLX,,KY ,2022
Honda,Accord,,FL ,2022
Tesla,Model 3,54460,NC ,2022
Tesla,Model 3,43525,CA ,2022
Tesla,Model 3,55672,GA ,2022
Tesla,Model 3,29257,NC ,2022
Tesla,Model 3,113309,CA ,2022
Tesla,Model 3,42006,CA ,2022
Honda,Accord,,GA ,2022
Acrua,TLX,,NJ ,2022
Tesla,Model 3,29257,NC ,2022
Tesla,Model 3,113309,CA ,2022
Tesla,Model 3,55672,GA ,2022
Tesla,Model Y,7778,SC ,2022
Tesla,Model Y,7778,SC ,2022
Tesla,Model 3,5776,FL ,2022
Tesla,Model 3,2326,CA ,2022
Tesla,Model 3,5776,FL ,2022
Tesla,Model Y,17801,AL ,2022
Tesla,Model Y,2902,CA ,2022
Tesla,Model 3,31634,CA ,2022
Tesla,Model Y,10835,AL ,2022
Tesla,Model 3,50341,CA ,2022
Tesla,Model 3,13718,MD ,2022
Tesla,Model 3,27472,MI ,2022
Tesla,Model 3,5776,FL ,2022
Tesla,Model 3,2326,CA ,2022
Tesla,Model Y,7778,SC ,2022
Honda,HRV,,WI ,2022
Acura,TLX,,MD ,2022
Tesla,Model Y,17801,AL ,2022
Tesla,Model Y,2902,CA ,2022
Acura,MDX,,NY ,2022
Porsche,Cayenne E-hybrid,100,GA ,2022
Tesla,Model 3,58289,CA ,2022
Tesla,Model 3,31634,CA ,2022
Tesla,Model Y,10835,AL ,2022
Tesla,Model 3,50341,CA ,2022
Tesla,Model 3,13718,MD ,2022
Tesla,Model 3,27472,MI ,2022
Honda,Insight,,NY ,2022
Acura,MDX,,OH ,2022
Tesla,Model 3,58289,CA ,2022
Mercedes-Benz,S580 4Matic,976,TX ,2022
Lucid Motors,Dream/Prototype,7328,CA ,2022
Subaru,Forester,23375,CA ,2022
Subaru,Crosstrek,6358,NY ,2022
Honda,Accord,,NJ ,2022
Tesla,Model 3,26759,CA ,2022
Tesla,Model 3,23086,CA ,2022
Honda,Accord,,NY ,2022
Porsche,Cayenne E-hybrid,100,GA ,2022
Tesla,Model 3,23086,CA ,2022
Tesla,Model 3,56691,NC ,2022
Tesla,Model 3,16052,WV ,2022
Tesla,Model 3,46907,CA ,2022
Tesla,Model Y,41986,CA ,2022
Tesla,Model X,53109,NJ ,2022
Tesla,Model S,1647,TX ,2022
Tesla,Model Y,26346,KY ,2022
Tesla,Model 3,45042,CA ,2022
Tesla,Model 3,26759,CA ,2022
Tesla,Model 3,46463,CA ,2022
Tesla,Model Y,503,CA ,2022
Tesla,Model X,107245,UT ,2022
Tesla,Model 3,20981,FL ,2022
Tesla,Model S,54153,OK ,2022
Tesla,Model 3,3237,OH ,2022
Tesla,Model Y,10265,AL ,2022
Tesla,Model 3,81875,CA ,2022
Tesla,Model 3,7793,FL ,2022
Tesla,Model Y,1587,NY ,2022
Tesla,Model 3,1935,LA ,2022
Tesla,Model 3,21732,CA ,2022
Tesla,Model 3,46335,PA ,2022
Tesla,Model Y,1310,TX ,2022
Honda,Accord,,PA ,2022
Honda,Civic,,CA ,2022
Tesla,Model X,53109,NJ ,2022
Tesla,Model 3,56691,NC ,2022
Tesla,Model 3,16052,WV ,2022
Tesla,Model 3,46907,CA ,2022
Tesla,Model Y,41986,CA ,2022
Tesla,Model S,1647,TX ,2022
Subaru,Forester,23000,KY ,2022
Tesla,Model 3,895,TX ,2021
Honda,Civic,,CA ,2021
Tesla,Model 3,35678,AZ ,2021
Tesla,Model 3,45148,CO ,2021
Tesla,Model 3,55888,OH ,2021
Tesla,Model 3,61101,CA ,2021
Tesla,Model 3,88668,CA ,2021
Tesla,Model 3,20214,NY ,2021
Tesla,Model S,54504,CA ,2021
Tesla,Model X,,PA ,2021
Tesla,Model 3,45042,CA ,2021
Tesla,Model Y,26346,KY ,2021
Cadillac,CT5 V,13069,WI ,2021
Tesla,Model 3,35678,AZ ,2021
Subaru,Forester,70000,MS ,2021
Tesla,Model 3,895,TX ,2021
Tesla,Model S,54504,CA ,2021
Tesla,Model X,,PA ,2021
Tesla,Model 3,45148,CO ,2021
Tesla,Model 3,55888,OH ,2021
Tesla,Model 3,61101,CA ,2021
Tesla,Model 3,88668,CA ,2021
Tesla,Model 3,20404,CA ,2021
Tesla,Model 3,3227,CA ,2021
Tesla,Model 3,28944,NY ,2021
Tesla,Model 3,50438,CA ,2021
Tesla,Model S,1565,GA ,2021
Tesla,Model S,11601,UNK,2021
Tesla,Model Y,24122,NH ,2021
Tesla,Model Y,20885,NJ ,2021
Tesla,Model 3,41092,CA ,2021
Tesla,Model Y,11012,CA ,2021
Tesla,Model 3,50762,FL ,2021
Tesla,Model X,47883,SC ,2021
Tesla,Model S,84480,OH ,2021
Tesla,Model 3,37872,NY ,2021
Tesla,Model Y,25891,CA ,2021
Subaru,Forester,23000,KY ,2021
Tesla,Model 3,20404,CA ,2021
Tesla,Model 3,20214,NY ,2021
Tesla,Model 3,3227,CA ,2021
Tesla,Model 3,28944,NY ,2021
Tesla,Model 3,50438,CA ,2021
Cadillac,CT5 V,13069,WI ,2021
Subaru,Forester,70000,MS ,2021
Honda,Ridgeline,,NC ,2021
Tesla,Model S,1565,GA ,2021
Tesla,Model S,11601,UNK,2021
Tesla,Model Y,25891,CA ,2021
Tesla,Model Y,24122,NH ,2021
Tesla,Model Y,20885,NJ ,2021
Tesla,Model 3,41092,CA ,2021
Subaru,Forester,23375,CA ,2021
Subaru,Forester,22781,CA ,2021
Toyota,Camry,17283,TX ,2021
Tesla,Model 3,37872,NY ,2021
Tesla,Model S,84480,OH ,2021
Tesla,Model X,47883,SC ,2021
Tesla,Model 3,50762,FL ,2021
Tesla,Model Y,11012,CA ,2021
Lucid Motors,Dream/Prototype,7328,CA ,2021
Tesla,Model 3,30345,FL ,2021
Tesla,Model Y,11258,CA ,2021
Tesla,Model 3,30345,FL ,2021
Tesla,Model Y,11258,CA ,2021
Honda,Pilot,,NY ,2021
Honda,Accord Hybrid,,AR ,2021
Tesla,Model 3,3482,CA ,2021
Tesla,Model Y,4939,CA ,2021
Tesla,Model S,81365,FL ,2021
Tesla,Model 3,29349,NV ,2021
Tesla,Model X,15923,NY ,2021
BMW,X5M,,CA ,2021
Lucid Motors,Dream/Prototype,7328,CA ,2021
Acura,MDX,,NY ,2021
Acura,MDX,,CA ,2021
Tesla,Model 3,3482,CA ,2021
Tesla,Model Y,4939,CA ,2021
Tesla,Model S,81365,FL ,2021
Tesla,Model S,53287,PA ,2021
Tesla,Model S,51268,MA ,2021
Tesla,Model 3,5378,CA ,2021
Tesla,Model Y,6863,CA ,2021
Tesla,Model 3,48624,MD ,2021
Tesla,Model X,15923,NY ,2021
Tesla,Model 3,29349,NV ,2021
Ford,Bronco Sport,,MI ,2021
Tesla,Model S,53287,PA ,2021
Tesla,Model S,51268,MA ,2021
Tesla,Model 3,16129,WA ,2021
Tesla,Model 3,5378,CA ,2021
Tesla,Model Y,6863,CA ,2021
Tesla,Model 3,48624,MD ,2021
Honda,Odyssey,,AZ ,2021
Tesla,Model Y,6879,TX ,2021
Tesla,Model 3,2877,TX ,2021
Tesla,Model 3,79713,AR ,2021
Ford,Bronco Sport,,MI ,2021
Honda,Accord,,CA ,2021
HYUNDAI,PALISADE,,TX ,2021
Tesla,Model Y,6879,TX ,2021
Tesla,Model 3,2877,TX ,2021
Tesla,Model 3,79713,AR ,2021
Tesla,Model 3,16129,WA ,2021
BMW,X5M,,CA ,2021
Mercedes-Benz,S580 4Matic,976,TX ,2021
Toyota,Camry,16500,TX ,2021
Subaru,Outback,8326,WV ,2021
Subaru,Crosstrek,882,IA ,2021
Subaru,Forester,22781,CA ,2021
Subaru,Crosstrek,4000,NY ,2021
Subaru,Forester,20300,MO ,2021
Subaru,Forester,23375,CA ,2021
Subaru,Forester,23375,CA ,2021
Honda,CRV,,VA ,2021
Honda,Passport,,OH ,2021
Tesla,Model S,52537,MO ,2021
Tesla,Model 3,28699,TX ,2021
Tesla,Model X,42548,WA ,2021
Tesla,Model 3,25951,LA ,2021
Tesla,Model 3,15823,CA ,2021
Tesla,Model 3,35120,CA ,2021
Tesla,Model 3,35100,NC ,2021
Tesla,Model S,52537,MO ,2021
Tesla,Model 3,28699,TX ,2021
Tesla,Model X,42548,WA ,2021
Tesla,Model 3,25951,LA ,2021
Acura,RDX,,NC ,2021
Honda,Pilot,,TN ,2021
Tesla,Model 3,15823,CA ,2021
Tesla,Model 3,35100,NC ,2021
BMW,530i,,TX ,2021
Honda,Accord,,AL ,2021
Tesla,Model 3,35120,CA ,2021
Jeep,Grand Cherokee,23168,IL ,2021
Tesla,Model Y,7771,NH ,2021
Tesla,Model S,58411,CA ,2021
Tesla,Model S,117685,IL ,2021
Tesla,Model 3,51009,AZ ,2021
Honda,Accord Hybrid,,CA ,2021
Tesla,Model 3,24021,VA ,2021
Honda,Civic,,CA ,2021
Tesla,Model 3,78392,CA ,2021
Tesla,Model S,30677,CO ,2021
Tesla,Model 3,57617,OK ,2021
Tesla,Model S,2217,NJ ,2021
Tesla,Model 3,92444,AL ,2021
Tesla,Model S,,UNK,2021
Tesla,Model Y,7771,NH ,2021
Tesla,Model S,58411,CA ,2021
Jeep,Grand Cherokee,23168,IL ,2021
BMW,530i,,TX ,2021
Honda,Accord,,FL ,2021
Honda,Odyssey,,IL ,2021
Tesla,Model 3,24021,VA ,2021
Honda,Civic,,FL ,2021
Subaru,Forester,23375,CA ,2021
Tesla,Model 3,51009,AZ ,2021
Tesla,Model S,117685,IL ,2021
Honda,Civic,,NY ,2021
Honda,Ridgeline,,IA ,2021
Subaru,Forester,20300,MO ,2021
Tesla,Model 3,78392,CA ,2021
Tesla,Model S,30677,CO ,2021
Tesla,Model 3,57617,OK ,2021
BMW,X5M,,CA ,2021
BMW,530i,,TX ,2021
Honda,CRV Hybrid,,NM ,2021
Tesla,Model 3,37170,MN ,2021
Tesla,Model Y,7288,CA ,2021
Tesla,Model Y,13153,OH ,2021
Tesla,Model S,45110,TX ,2021
Tesla,Model S,92749,TX ,2021
Tesla,Model 3,31124,WA ,2021
Tesla,Model 3,38150,CA ,2021
Tesla,Model 3,24889,CA ,2021
Tesla,Model S,26440,TX ,2021
Tesla,Model 3,29657,TX ,2021
Tesla,Model S,51359,FL ,2021
Toyota,RAV4,30000,TX ,2021
Tesla,Model S,,UNK,2021
Tesla,Model S,2217,NJ ,2021
Tesla,Model 3,37170,MN ,2021
Tesla,Model 3,92444,AL ,2021
Honda,Civic,,PA ,2021
Tesla,Model Y,7288,CA ,2021
BMW,530i,,TX ,2021
BMW,530i,,TX ,2021
Tesla,Model Y,13153,OH ,2021
Tesla,Model S,45110,TX ,2021
Tesla,Model S,92749,TX ,2021
Tesla,Model 3,31124,WA ,2021
Tesla,Model 3,38150,CA ,2021
Tesla,Model 3,24889,CA ,2021
Tesla,Model 3,29657,TX ,2021
Tesla,Model S,26440,TX ,2021
Tesla,Model S,51359,FL ,2021
Ford,F-150,2000,AL ,2021
Subaru,Forester,20300,MO ,2021
Tesla,Model X,65666,IN ,2021
Tesla,Model 3,,CA ,2021
Tesla,Model 3,13401,CA ,2021
Tesla,Model X,37313,TX ,2021
Tesla,Model S,38463,CA ,2021
Tesla,Model S,83984,NY ,2021
Tesla,Model X,65666,IN ,2021
Acura,TLX,,UNK,2021
Honda,Civic,,IL ,2021
Honda,CR-V,,NY ,2021
Tesla,Model 3,13401,CA ,2021
BMW,X5M,,CA ,2021
Toyota,RAV4,30000,TX ,2021
Tesla,Model 3,,CA ,2021
Subaru,Forester,22781,CA ,2021
Subaru,Crosstrek,4000,NY ,2021
Tesla,Model X,37313,TX ,2021
Tesla,Model S,83984,NY ,2021
Tesla,Model S,38463,CA ,2021
Tesla,Model S,55046,CA ,2021
Tesla,Model Y,22049,VT ,2021
Tesla,Model Y,18931,CA ,2021
Tesla,Model S,51918,CA ,2021
Tesla,Model 3,39348,CA ,2021
Tesla,Model 3,45874,TX ,2021
HYUNDAI,PALISADE,,TX ,2021
Toyota,Camry,16500,TX ,2021
Ford,F-150,2000,AL ,2021
Subaru,Crosstrek,4000,NY ,2021
Subaru,Outback,6800,WV ,2021
Subaru,Outback,7000,ID ,2021
Tesla,Model S,55046,CA ,2021
Tesla,Model Y,22049,VT ,2021
Tesla,Model Y,18931,CA ,2021
Tesla,Model S,51918,CA ,2021
Tesla,Model 3,39348,CA ,2021
Tesla,Model 3,45874,TX ,2021
Tesla,Model Y,13988,CA ,2021
Tesla,Model Y,7781,CA ,2021
Tesla,Model 3,38808,CA ,2021
Tesla,Model S,15218,CA ,2021
Tesla,Model 3,16115,CO ,2021
Tesla,Model 3,1733,IL ,2021
Subaru,Forester,22781,CA ,2021
Tesla,Model Y,7781,CA ,2021
Tesla,Model 3,38808,CA ,2021
Honda,Civic,,AL ,2021
HYUNDAI,PALISADE,,TX ,2021
Subaru,Crosstrek,4000,NY ,2021
Tesla,Model S,15218,CA ,2021
Toyota,Camry,16500,TX ,2021
Tesla,Model Y,13988,CA ,2021
Tesla,Model 3,16115,CO ,2021
Honda,CRV,,NY ,2021
Mercedes-Benz,S580 4Matic,976,TX ,2021
Tesla,Model 3,1733,IL ,2021
Honda,CRV,,UNK,2021
Tesla,Model Y,12570,CA ,2021
Tesla,Model Y,987,TX ,2021
Tesla,Model Y,15310,VA ,2021
Tesla,Model S,63152,NE ,2021
Tesla,Model S,61112,CA ,2021
Tesla,Model Y,19043,AZ ,2021
Tesla,Model 3,45599,CA ,2021
Tesla,Model 3,48645,CA ,2021
Honda,Accord,,NJ ,2021
Tesla,Model Y,12570,CA ,2021
Tesla,Model S,63152,NE ,2021
Tesla,Model S,61112,CA ,2021
Acura,RLX,,CA ,2021
Tesla,Model Y,19043,AZ ,2021
Tesla,Model 3,45599,CA ,2021
Tesla,Model 3,48645,CA ,2021
HYUNDAI,PALISADE,,TX ,2021
Tesla,Model 3,4176,KY ,2021
Tesla,Model 3,6340,FL ,2021
Tesla,Model 3,53359,FL ,2021
Tesla,Model 3,14777,CA ,2021
Tesla,Model Y,987,TX ,2021
Tesla,Model X,107245,UT ,2021
Tesla,Model Y,15310,VA ,2021
Mercedes-Benz,S580 4Matic,,TX ,2021
Subaru,Crosstrek,800,IA ,2021
Tesla,Model 3,4176,KY ,2021
Tesla,Model 3,6340,FL ,2021
Tesla,Model 3,53359,FL ,2021
Tesla,Model 3,14777,CA ,2021
Honda,Pilot,,NY ,2021
Subaru,Outback,7000,ID ,2021
Tesla,Model Y,13982,TX ,2021
Tesla,Model Y,17853,TX ,2021
Tesla,Model S,106682,CA ,2021
Tesla,Model 3,24162,CA ,2021
Tesla,Model 3,10264,CA ,2021
Honda,Accord,,NY ,2021
Subaru,Forester,34611,NY ,2021
Tesla,Model Y,13982,TX ,2021
Subaru,Crosstrek,800,IA ,2021
Tesla,Model Y,17853,TX ,2021
Tesla,Model S,106682,CA ,2021
Tesla,Model 3,24162,CA ,2021
Tesla,Model 3,10264,CA ,2021
Tesla,Model 3,31270,FL ,2021
Tesla,Model Y,17792,CA ,2021
Tesla,Model 3,20981,FL ,2021
Honda,Pilot,,MI ,2021
Subaru,Outback,7000,ID ,2021
Tesla,Model 3,31270,FL ,2021
Tesla,Model Y,17792,CA ,2021
Tesla,Model S,71959,CA ,2021
Tesla,Model 3,73143,CA ,2021
Tesla,Model S,54153,OK ,2021
Tesla,Model 3,3237,OH ,2021
Tesla,Model 3,73143,CA ,2021
Tesla,Model S,71959,CA ,2021
Tesla,Model S,51915,NJ ,2021
Tesla,Model Y,10265,AL ,2021
Tesla,Model 3,81875,CA ,2021
Tesla,Model 3,26901,FL ,2021
Tesla,Model 3,7793,FL ,2021
Honda,Passport,,NY ,2021
Acura,TLX,14279,NY ,2021
Honda,Pilot,5500,NY ,2021
Honda,Ridgeline,,VA ,2021
Acura,TLX,18000,GA ,2021
Acura,MDX,12000,FL ,2021
Tesla,Model S,51915,NJ ,2021
Tesla,Model 3,26901,FL ,2021
Subaru,Outback,6800,WV ,2021
Tesla,Model 3,48,AZ ,2021
Tesla,Model S,48219,MA ,2021
Tesla,Model Y,1236,CA ,2021
Tesla,Model X,25437,NC ,2021
Tesla,Model X,100137,CA ,2021
Tesla,Model X,33438,CA ,2021
Tesla,Model S,45466,CA ,2021
Tesla,Model 3,6506,CA ,2021
Tesla,Model Y,1587,NY ,2021
Tesla,Model 3,48,AZ ,2021
Tesla,Model S,48219,MA ,2021
Tesla,Model Y,1236,CA ,2021
Tesla,Model X,25437,NC ,2021
Tesla,Model X,100137,CA ,2021
Subaru,Forester,34611,NY ,2021
Subaru,Forester,34611,NY ,2021
BMW,X5 xDrive40i,30673,FL ,2021
Tesla,Model S,45466,CA ,2021
Tesla,Model 3,1935,LA ,2021
Tesla,Model 3,21732,CA ,2021
Tesla,Model 3,46335,PA ,2021
Subaru,Outback,,WV ,2021
Tesla,Model Y,1310,TX ,2021
Tesla,Model 3,6506,CA ,2021
Tesla,Model X,33438,CA ,2021
Tesla,Model 3,87718,UT ,2021
Tesla,Model S,51915,CA ,2021
Tesla,Model S,39383,MA ,2021
Tesla,Model S,65219,TX ,2021
Tesla,Model 3,3358,OH ,2021
Tesla,Model Y,21639,CA ,2021
Tesla,Model 3,58532,CA ,2021
Tesla,Model Y,6639,CA ,2021
Tesla,Model 3,46463,CA ,2021
Tesla,Model Y,503,CA ,2021
Subaru,Forester,34611,NY ,2021
Tesla,Model Y,4530,NY ,2021
Tesla,Model 3,442,CA ,2021
Tesla,Model 3,41096,TX ,2021
Tesla,Model Y,14365,CA ,2021
Tesla,Model Y,6639,CA ,2021
Tesla,Model 3,58532,CA ,2021
Tesla,Model 3,87718,UT ,2021
Tesla,Model Y,21639,CA ,2021
Tesla,Model 3,3358,OH ,2021
Tesla,Model S,65219,TX ,2021
Tesla,Model S,39383,MA ,2021
Tesla,Model S,51915,CA ,2021
BMW,X5 xDrive40i,30673,FL ,2021
Tesla,Model Y,,NY ,2021
Tesla,Model Y,14365,CA ,2021
Tesla,Model 3,41096,TX ,2021
Tesla,Model 3,442,CA ,2021
BMW,X5 xDrive40i,,FL ,2021
